,tconst,titleType,primaryTitle,startYear,runtimeMinutes,genres,averageRating,numVotes,Action,Adult,Adventure,Animation,Biography,Comedy,Crime,Documentary,Drama,Family,Fantasy,Film-Noir,Game-Show,History,Horror,Music,Musical,Mystery,News,Reality-TV,Romance,Sci-Fi,Short,Sport,Talk-Show,Thriller,War,Western
12252,tt0034583,movie,Casablanca,1942,102,"['Drama', 'Romance', 'War']",8.5,578015,0,0,0,0,0,0,0,0,1,0,0,0,0,0,0,0,0,0,0,0,1,0,0,0,0,0,1,0
22712,tt0050083,movie,12 Angry Men,1957,96,"['Crime', 'Drama']",9.0,801467,0,0,0,0,0,0,1,0,1,0,0,0,0,0,0,0,0,0,0,0,0,0,0,0,0,0,0,0
25784,tt0054215,movie,Psycho,1960,109,"['Horror', 'Mystery', 'Thriller']",8.5,679732,0,0,0,0,0,0,0,0,0,0,0,0,0,0,1,0,0,1,0,0,0,0,0,0,0,1,0,0
30145,tt0060196,movie,"The Good, the Bad and the Ugly",1966,161,"['Adventure', 'Western']",8.8,769762,0,0,1,0,0,0,0,0,0,0,0,0,0,0,0,0,0,0,0,0,0,0,0,0,0,0,0,1
31798,tt0062622,movie,2001: A Space Odyssey,1968,149,"['Adventure', 'Sci-Fi']",8.3,677625,0,0,1,0,0,0,0,0,0,0,0,0,0,0,0,0,0,0,0,0,0,1,0,0,0,0,0,0
34897,tt0066921,movie,A Clockwork Orange,1971,136,"['Crime', 'Sci-Fi']",8.3,839547,0,0,0,0,0,0,1,0,0,0,0,0,0,0,0,0,0,0,0,0,0,1,0,0,0,0,0,0
36195,tt0068646,movie,The Godfather,1972,175,"['Crime', 'Drama']",9.2,1884178,0,0,0,0,0,0,1,0,1,0,0,0,0,0,0,0,0,0,0,0,0,0,0,0,0,0,0,0
38310,tt0071562,movie,The Godfather Part II,1974,202,"['Crime', 'Drama']",9.0,1286064,0,0,0,0,0,0,1,0,1,0,0,0,0,0,0,0,0,0,0,0,0,0,0,0,0,0,0,0
38549,tt0071853,movie,Monty Python and the Holy Grail,1975,91,"['Adventure', 'Comedy', 'Fantasy']",8.2,547449,0,0,1,0,0,1,0,0,0,0,1,0,0,0,0,0,0,0,0,0,0,0,0,0,0,0,0,0
39483,tt0073195,movie,Jaws,1975,124,"['Adventure', 'Thriller']",8.1,616338,0,0,1,0,0,0,0,0,0,0,0,0,0,0,0,0,0,0,0,0,0,0,0,0,0,1,0,0
39683,tt0073486,movie,One Flew Over the Cuckoo's Nest,1975,133,['Drama'],8.7,1017838,0,0,0,0,0,0,0,0,1,0,0,0,0,0,0,0,0,0,0,0,0,0,0,0,0,0,0,0
40870,tt0075148,movie,Rocky,1976,120,"['Drama', 'Sport']",8.1,588640,0,0,0,0,0,0,0,0,1,0,0,0,0,0,0,0,0,0,0,0,0,0,0,1,0,0,0,0
40999,tt0075314,movie,Taxi Driver,1976,114,"['Crime', 'Drama']",8.2,848878,0,0,0,0,0,0,1,0,1,0,0,0,0,0,0,0,0,0,0,0,0,0,0,0,0,0,0,0
42002,tt0076759,movie,Star Wars: Episode IV - A New Hope,1977,121,"['Action', 'Adventure', 'Fantasy']",8.6,1378812,1,0,1,0,0,0,0,0,0,0,1,0,0,0,0,0,0,0,0,0,0,0,0,0,0,0,0,0
43319,tt0078748,movie,Alien,1979,117,"['Horror', 'Sci-Fi']",8.5,893432,0,0,0,0,0,0,0,0,0,0,0,0,0,0,1,0,0,0,0,0,0,1,0,0,0,0,0,0
43353,tt0078788,movie,Apocalypse Now,1979,147,"['Drama', 'Mystery', 'War']",8.5,675618,0,0,0,0,0,0,0,0,1,0,0,0,0,0,0,0,0,1,0,0,0,0,0,0,0,0,1,0
44741,tt0080684,movie,Star Wars: Episode V - The Empire Strikes Back,1980,124,"['Action', 'Adventure', 'Fantasy']",8.7,1306427,1,0,1,0,0,0,0,0,0,0,1,0,0,0,0,0,0,0,0,0,0,0,0,0,0,0,0,0
45373,tt0081505,movie,The Shining,1980,146,"['Drama', 'Horror']",8.4,1036148,0,0,0,0,0,0,0,0,1,0,0,0,0,0,1,0,0,0,0,0,0,0,0,0,0,0,0,0
46417,tt0082971,movie,Indiana Jones and the Raiders of the Lost Ark,1981,115,"['Action', 'Adventure']",8.4,976886,1,0,1,0,0,0,0,0,0,0,0,0,0,0,0,0,0,0,0,0,0,0,0,0,0,0,0,0
46843,tt0083658,movie,Blade Runner,1982,117,"['Action', 'Drama', 'Sci-Fi']",8.1,779836,1,0,0,0,0,0,0,0,1,0,0,0,0,0,0,0,0,0,0,0,0,1,0,0,0,0,0,0
48631,tt0086190,movie,Star Wars: Episode VI - Return of the Jedi,1983,131,"['Action', 'Adventure', 'Fantasy']",8.3,1065561,1,0,1,0,0,0,0,0,0,0,1,0,0,0,0,0,0,0,0,0,0,0,0,0,0,0,0,0
48679,tt0086250,movie,Scarface,1983,170,"['Crime', 'Drama']",8.3,854339,0,0,0,0,0,0,1,0,1,0,0,0,0,0,0,0,0,0,0,0,0,0,0,0,0,0,0,0
50040,tt0088247,movie,The Terminator,1984,107,"['Action', 'Sci-Fi']",8.1,876584,1,0,0,0,0,0,0,0,0,0,0,0,0,0,0,0,0,0,0,0,0,1,0,0,0,0,0,0
50271,tt0088763,movie,Back to the Future,1985,116,"['Adventure', 'Comedy', 'Sci-Fi']",8.5,1222151,0,0,1,0,0,1,0,0,0,0,0,0,0,0,0,0,0,0,0,0,0,1,0,0,0,0,0,0
51535,tt0090605,movie,Aliens,1986,137,"['Action', 'Adventure', 'Sci-Fi']",8.4,725790,1,0,1,0,0,0,0,0,0,0,0,0,0,0,0,0,0,0,0,0,0,1,0,0,0,0,0,0
53240,tt0093058,movie,Full Metal Jacket,1987,116,"['Drama', 'War']",8.3,751112,0,0,0,0,0,0,0,0,1,0,0,0,0,0,0,0,0,0,0,0,0,0,0,0,0,0,1,0
54582,tt0095016,movie,Die Hard,1988,132,"['Action', 'Thriller']",8.2,894097,1,0,0,0,0,0,0,0,0,0,0,0,0,0,0,0,0,0,0,0,0,0,0,0,0,1,0,0
55260,tt0095953,movie,Rain Man,1988,133,['Drama'],8.0,521644,0,0,0,0,0,0,0,0,1,0,0,0,0,0,0,0,0,0,0,0,0,0,0,0,0,0,0,0
55774,tt0096874,movie,Back to the Future Part II,1989,108,"['Adventure', 'Comedy', 'Sci-Fi']",7.8,541892,0,0,1,0,0,1,0,0,0,0,0,0,0,0,0,0,0,0,0,0,0,1,0,0,0,0,0,0
55993,tt0097165,movie,Dead Poets Society,1989,128,"['Comedy', 'Drama']",8.1,501563,0,0,0,0,0,1,0,0,1,0,0,0,0,0,0,0,0,0,0,0,0,0,0,0,0,0,0,0
56288,tt0097576,movie,Indiana Jones and the Last Crusade,1989,127,"['Action', 'Adventure']",8.2,763794,1,0,1,0,0,0,0,0,0,0,0,0,0,0,0,0,0,0,0,0,0,0,0,0,0,0,0,0
57681,tt0099685,movie,Goodfellas,1990,145,"['Biography', 'Crime', 'Drama']",8.7,1176566,0,0,0,0,1,0,1,0,1,0,0,0,0,0,0,0,0,0,0,0,0,0,0,0,0,0,0,0
57751,tt0099785,movie,Home Alone,1990,103,"['Comedy', 'Family']",7.7,599360,0,0,0,0,0,1,0,0,0,1,0,0,0,0,0,0,0,0,0,0,0,0,0,0,0,0,0,0
59846,tt0102926,movie,The Silence of the Lambs,1991,118,"['Crime', 'Drama', 'Thriller']",8.6,1450100,0,0,0,0,0,0,1,0,1,0,0,0,0,0,0,0,0,0,0,0,0,0,0,0,0,1,0,0
59935,tt0103064,movie,Terminator 2: Judgment Day,1991,137,"['Action', 'Sci-Fi']",8.6,1111508,1,0,0,0,0,0,0,0,0,0,0,0,0,0,0,0,0,0,0,0,0,1,0,0,0,0,0,0
61271,tt0105236,movie,Reservoir Dogs,1992,99,"['Crime', 'Thriller']",8.3,1031552,0,0,0,0,0,0,1,0,0,0,0,0,0,0,0,0,0,0,0,0,0,0,0,0,0,1,0,0
62349,tt0107048,movie,Groundhog Day,1993,101,"['Comedy', 'Drama', 'Fantasy']",8.1,643584,0,0,0,0,0,1,0,0,1,0,1,0,0,0,0,0,0,0,0,0,0,0,0,0,0,0,0,0
62519,tt0107290,movie,Jurassic Park,1993,127,"['Action', 'Adventure', 'Sci-Fi']",8.2,1002228,1,0,1,0,0,0,0,0,0,0,0,0,0,0,0,0,0,0,0,0,0,1,0,0,0,0,0,0
63024,tt0108052,movie,Schindler's List,1993,195,"['Biography', 'Drama', 'History']",9.0,1370331,0,0,0,0,1,0,0,0,1,0,0,0,0,1,0,0,0,0,0,0,0,0,0,0,0,0,0,0
64019,tt0109830,movie,Forrest Gump,1994,142,"['Drama', 'Romance']",8.8,2107970,0,0,0,0,0,0,0,0,1,0,0,0,0,0,0,0,0,0,0,0,1,0,0,0,0,0,0,0
64362,tt0110357,movie,The Lion King,1994,88,"['Adventure', 'Animation', 'Drama']",8.5,1071960,0,0,1,1,0,0,0,0,1,0,0,0,0,0,0,0,0,0,0,0,0,0,0,0,0,0,0,0
64404,tt0110413,movie,Léon: The Professional,1994,110,"['Action', 'Crime', 'Drama']",8.5,1175733,1,0,0,0,0,0,1,0,1,0,0,0,0,0,0,0,0,0,0,0,0,0,0,0,0,0,0,0
64729,tt0110912,movie,Pulp Fiction,1994,154,"['Crime', 'Drama']",8.9,2082795,0,0,0,0,0,0,1,0,1,0,0,0,0,0,0,0,0,0,0,0,0,0,0,0,0,0,0,0
64912,tt0111161,movie,The Shawshank Redemption,1994,142,['Drama'],9.3,2712740,0,0,0,0,0,0,0,0,1,0,0,0,0,0,0,0,0,0,0,0,0,0,0,0,0,0,0,0
65562,tt0112573,movie,Braveheart,1995,178,"['Biography', 'Drama', 'History']",8.4,1047204,0,0,0,0,1,0,0,0,1,0,0,0,0,1,0,0,0,0,0,0,0,0,0,0,0,0,0,0
65615,tt0112641,movie,Casino,1995,178,"['Crime', 'Drama']",8.2,528354,0,0,0,0,0,0,1,0,1,0,0,0,0,0,0,0,0,0,0,0,0,0,0,0,0,0,0,0
66040,tt0113277,movie,Heat,1995,170,"['Action', 'Crime', 'Drama']",8.3,665151,1,0,0,0,0,0,1,0,1,0,0,0,0,0,0,0,0,0,0,0,0,0,0,0,0,0,0,0
66719,tt0114369,movie,Se7en,1995,127,"['Crime', 'Drama', 'Mystery']",8.6,1675055,0,0,0,0,0,0,1,0,1,0,0,0,0,0,0,0,0,1,0,0,0,0,0,0,0,0,0,0
66920,tt0114709,movie,Toy Story,1995,81,"['Adventure', 'Animation', 'Comedy']",8.3,1006168,0,0,1,1,0,1,0,0,0,0,0,0,0,0,0,0,0,0,0,0,0,0,0,0,0,0,0,0
66942,tt0114746,movie,12 Monkeys,1995,129,"['Mystery', 'Sci-Fi', 'Thriller']",8.0,625066,0,0,0,0,0,0,0,0,0,0,0,0,0,0,0,0,0,1,0,0,0,1,0,0,0,1,0,0
66983,tt0114814,movie,The Usual Suspects,1995,106,"['Crime', 'Drama', 'Mystery']",8.5,1095456,0,0,0,0,0,0,1,0,1,0,0,0,0,0,0,0,0,1,0,0,0,0,0,0,0,0,0,0
67726,tt0116282,movie,Fargo,1996,98,"['Crime', 'Thriller']",8.1,686486,0,0,0,0,0,0,1,0,0,0,0,0,0,0,0,0,0,0,0,0,0,0,0,0,0,1,0,0
67964,tt0116629,movie,Independence Day,1996,145,"['Action', 'Adventure', 'Sci-Fi']",7.0,582267,1,0,1,0,0,0,0,0,0,0,0,0,0,0,0,0,0,0,0,0,0,1,0,0,0,0,0,0
68846,tt0117951,movie,Trainspotting,1996,93,['Drama'],8.1,695080,0,0,0,0,0,0,0,0,1,0,0,0,0,0,0,0,0,0,0,0,0,0,0,0,0,0,0,0
69192,tt0118715,movie,The Big Lebowski,1998,117,"['Comedy', 'Crime']",8.1,818677,0,0,0,0,0,1,1,0,0,0,0,0,0,0,0,0,0,0,0,0,0,0,0,0,0,0,0,0
69254,tt0118799,movie,Life Is Beautiful,1997,116,"['Comedy', 'Drama', 'Romance']",8.6,703823,0,0,0,0,0,1,0,0,1,0,0,0,0,0,0,0,0,0,0,0,1,0,0,0,0,0,0,0
69561,tt0119217,movie,Good Will Hunting,1997,126,"['Drama', 'Romance']",8.3,988219,0,0,0,0,0,0,0,0,1,0,0,0,0,0,0,0,0,0,0,0,1,0,0,0,0,0,0,0
69746,tt0119488,movie,L.A. Confidential,1997,138,"['Crime', 'Drama', 'Mystery']",8.2,588512,0,0,0,0,0,0,1,0,1,0,0,0,0,0,0,0,0,1,0,0,0,0,0,0,0,0,0,0
69872,tt0119654,movie,Men in Black,1997,98,"['Action', 'Adventure', 'Comedy']",7.3,578152,1,0,1,0,0,1,0,0,0,0,0,0,0,0,0,0,0,0,0,0,0,0,0,0,0,0,0,0
70351,tt0120338,movie,Titanic,1997,194,"['Drama', 'Romance']",7.9,1204012,0,0,0,0,0,0,0,0,1,0,0,0,0,0,0,0,0,0,0,0,1,0,0,0,0,0,0,0
70371,tt0120363,movie,Toy Story 2,1999,92,"['Adventure', 'Animation', 'Comedy']",7.9,589648,0,0,1,1,0,1,0,0,0,0,0,0,0,0,0,0,0,0,0,0,0,0,0,0,0,0,0,0
70387,tt0120382,movie,The Truman Show,1998,103,"['Comedy', 'Drama']",8.2,1100907,0,0,0,0,0,1,0,0,1,0,0,0,0,0,0,0,0,0,0,0,0,0,0,0,0,0,0,0
70523,tt0120586,movie,American History X,1998,119,"['Crime', 'Drama']",8.5,1133405,0,0,0,0,0,0,1,0,1,0,0,0,0,0,0,0,0,0,0,0,0,0,0,0,0,0,0,0
70597,tt0120689,movie,The Green Mile,1999,189,"['Crime', 'Drama', 'Fantasy']",8.6,1318510,0,0,0,0,0,0,1,0,1,0,1,0,0,0,0,0,0,0,0,0,0,0,0,0,0,0,0,0
70629,tt0120735,movie,"Lock, Stock and Two Smoking Barrels",1998,107,"['Action', 'Comedy', 'Crime']",8.2,589648,1,0,0,0,0,1,1,0,0,0,0,0,0,0,0,0,0,0,0,0,0,0,0,0,0,0,0,0
70630,tt0120737,movie,The Lord of the Rings: The Fellowship of the Ring,2001,178,"['Action', 'Adventure', 'Drama']",8.8,1896322,1,0,1,0,0,0,0,0,1,0,0,0,0,0,0,0,0,0,0,0,0,0,0,0,0,0,0,0
70690,tt0120815,movie,Saving Private Ryan,1998,169,"['Drama', 'War']",8.6,1407727,0,0,0,0,0,0,0,0,1,0,0,0,0,0,0,0,0,0,0,0,0,0,0,0,0,0,1,0
70748,tt0120903,movie,X-Men,2000,104,"['Action', 'Adventure', 'Sci-Fi']",7.3,622860,1,0,1,0,0,0,0,0,0,0,0,0,0,0,0,0,0,0,0,0,0,1,0,0,0,0,0,0
70754,tt0120915,movie,Star Wars: Episode I - The Phantom Menace,1999,136,"['Action', 'Adventure', 'Fantasy']",6.5,815862,1,0,1,0,0,0,0,0,0,0,1,0,0,0,0,0,0,0,0,0,0,0,0,0,0,0,0,0
71027,tt0121765,movie,Star Wars: Episode II - Attack of the Clones,2002,142,"['Action', 'Adventure', 'Fantasy']",6.6,721292,1,0,1,0,0,0,0,0,0,0,1,0,0,0,0,0,0,0,0,0,0,0,0,0,0,0,0,0
71028,tt0121766,movie,Star Wars: Episode III - Revenge of the Sith,2005,140,"['Action', 'Adventure', 'Fantasy']",7.6,802487,1,0,1,0,0,0,0,0,0,0,1,0,0,0,0,0,0,0,0,0,0,0,0,0,0,0,0,0
72802,tt0126029,movie,Shrek,2001,90,"['Adventure', 'Animation', 'Comedy']",7.9,690780,0,0,1,1,0,1,0,0,0,0,0,0,0,0,0,0,0,0,0,0,0,0,0,0,0,0,0,0
74757,tt0133093,movie,The Matrix,1999,136,"['Action', 'Sci-Fi']",8.7,1935003,1,0,0,0,0,0,0,0,0,0,0,0,0,0,0,0,0,0,0,0,0,1,0,0,0,0,0,0
76104,tt0137523,movie,Fight Club,1999,139,['Drama'],8.8,2156454,0,0,0,0,0,0,0,0,1,0,0,0,0,0,0,0,0,0,0,0,0,0,0,0,0,0,0,0
77961,tt0144084,movie,American Psycho,2000,102,"['Crime', 'Drama', 'Horror']",7.6,641197,0,0,0,0,0,0,1,0,1,0,0,0,0,0,1,0,0,0,0,0,0,0,0,0,0,0,0,0
78385,tt0145487,movie,Spider-Man,2002,121,"['Action', 'Adventure', 'Sci-Fi']",7.4,828983,1,0,1,0,0,0,0,0,0,0,0,0,0,0,0,0,0,0,0,0,0,1,0,0,0,0,0,0
82010,tt0162222,movie,Cast Away,2000,143,"['Adventure', 'Drama', 'Romance']",7.8,602406,0,0,1,0,0,0,0,0,1,0,0,0,0,0,0,0,0,0,0,0,1,0,0,0,0,0,0,0
83525,tt0167260,movie,The Lord of the Rings: The Return of the King,2003,201,"['Action', 'Adventure', 'Drama']",9.0,1866728,1,0,1,0,0,0,0,0,1,0,0,0,0,0,0,0,0,0,0,0,0,0,0,0,0,0,0,0
83526,tt0167261,movie,The Lord of the Rings: The Two Towers,2002,179,"['Action', 'Adventure', 'Drama']",8.8,1685573,1,0,1,0,0,0,0,0,1,0,0,0,0,0,0,0,0,0,0,0,0,0,0,0,0,0,0,0
83575,tt0167404,movie,The Sixth Sense,1999,107,"['Drama', 'Mystery', 'Thriller']",8.2,1002437,0,0,0,0,0,0,0,0,1,0,0,0,0,0,0,0,0,1,0,0,0,0,0,0,0,1,0,0
84075,tt0169547,movie,American Beauty,1999,122,['Drama'],8.4,1164591,0,0,0,0,0,0,0,0,1,0,0,0,0,0,0,0,0,0,0,0,0,0,0,0,0,0,0,0
84874,tt0172495,movie,Gladiator,2000,155,"['Action', 'Adventure', 'Drama']",8.5,1517925,1,0,1,0,0,0,0,0,1,0,0,0,0,0,0,0,0,0,0,0,0,0,0,0,0,0,0,0
87236,tt0180093,movie,Requiem for a Dream,2000,102,['Drama'],8.3,852894,0,0,0,0,0,0,0,0,1,0,0,0,0,0,0,0,0,0,0,0,0,0,0,0,0,0,0,0
87821,tt0181689,movie,Minority Report,2002,145,"['Action', 'Crime', 'Mystery']",7.6,560509,1,0,0,0,0,0,1,0,0,0,0,0,0,0,0,0,0,1,0,0,0,0,0,0,0,0,0,0
93257,tt0198781,movie,"Monsters, Inc.",2001,92,"['Adventure', 'Animation', 'Comedy']",8.1,921373,0,0,1,1,0,1,0,0,0,0,0,0,0,0,0,0,0,0,0,0,0,0,0,0,0,0,0,0
95600,tt0206634,movie,Children of Men,2006,109,"['Action', 'Drama', 'Sci-Fi']",7.9,507065,1,0,0,0,0,0,0,0,1,0,0,0,0,0,0,0,0,0,0,0,0,1,0,0,0,0,0,0
95957,tt0208092,movie,Snatch,2000,104,"['Comedy', 'Crime']",8.2,865898,0,0,0,0,0,1,1,0,0,0,0,0,0,0,0,0,0,0,0,0,0,0,0,0,0,0,0,0
96199,tt0209144,movie,Memento,2000,113,"['Mystery', 'Thriller']",8.4,1251549,0,0,0,0,0,0,0,0,0,0,0,0,0,0,0,0,0,1,0,0,0,0,0,0,0,1,0,0
96817,tt0211915,movie,Amélie,2001,122,"['Comedy', 'Romance']",8.3,763957,0,0,0,0,0,1,0,0,0,0,0,0,0,0,0,0,0,0,0,0,1,0,0,0,0,0,0,0
101364,tt0234215,movie,The Matrix Reloaded,2003,138,"['Action', 'Sci-Fi']",7.2,602554,1,0,0,0,0,0,0,0,0,0,0,0,0,0,0,0,0,0,0,0,0,1,0,0,0,0,0,0
102792,tt0240772,movie,Ocean's Eleven,2001,116,"['Crime', 'Thriller']",7.7,584833,0,0,0,0,0,0,1,0,0,0,0,0,0,0,0,0,0,0,0,0,0,0,0,0,0,1,0,0
102927,tt0241527,movie,Harry Potter and the Sorcerer's Stone,2001,152,"['Adventure', 'Family', 'Fantasy']",7.6,798662,0,0,1,0,0,0,0,0,0,1,1,0,0,0,0,0,0,0,0,0,0,0,0,0,0,0,0,0
103175,tt0242653,movie,The Matrix Revolutions,2003,129,"['Action', 'Sci-Fi']",6.7,520256,1,0,0,0,0,0,0,0,0,0,0,0,0,0,0,0,0,0,0,0,0,1,0,0,0,0,0,0
103907,tt0245429,movie,Spirited Away,2001,125,"['Adventure', 'Animation', 'Family']",8.6,776690,0,0,1,1,0,0,0,0,0,1,0,0,0,0,0,0,0,0,0,0,0,0,0,0,0,0,0,0
104226,tt0246578,movie,Donnie Darko,2001,113,"['Drama', 'Mystery', 'Sci-Fi']",8.0,812020,0,0,0,0,0,0,0,0,1,0,0,0,0,0,0,0,0,1,0,0,0,1,0,0,0,0,0,0
105852,tt0253474,movie,The Pianist,2002,150,"['Biography', 'Drama', 'Music']",8.5,844226,0,0,0,0,1,0,0,0,1,0,0,0,0,0,0,1,0,0,0,0,0,0,0,0,0,0,0,0
107193,tt0258463,movie,The Bourne Identity,2002,119,"['Action', 'Mystery', 'Thriller']",7.9,553753,1,0,0,0,0,0,0,0,0,0,0,0,0,0,0,0,0,1,0,0,0,0,0,0,0,1,0,0
109026,tt0264464,movie,Catch Me If You Can,2002,141,"['Biography', 'Crime', 'Drama']",8.1,1003754,0,0,0,0,1,0,1,0,1,0,0,0,0,0,0,0,0,0,0,0,0,0,0,0,0,0,0,0
109561,tt0266543,movie,Finding Nemo,2003,100,"['Adventure', 'Animation', 'Comedy']",8.2,1055615,0,0,1,1,0,1,0,0,0,0,0,0,0,0,0,0,0,0,0,0,0,0,0,0,0,0,0,0
109598,tt0266697,movie,Kill Bill: Vol. 1,2003,111,"['Action', 'Crime', 'Drama']",8.2,1128822,1,0,0,0,0,0,1,0,1,0,0,0,0,0,0,0,0,0,0,0,0,0,0,0,0,0,0,0
110141,tt0268978,movie,A Beautiful Mind,2001,135,"['Biography', 'Drama']",8.2,941968,0,0,0,0,1,0,0,0,1,0,0,0,0,0,0,0,0,0,0,0,0,0,0,0,0,0,0,0
115879,tt0290334,movie,X2: X-Men United,2003,134,"['Action', 'Sci-Fi', 'Thriller']",7.4,556981,1,0,0,0,0,0,0,0,0,0,0,0,0,0,0,0,0,0,0,0,0,1,0,0,0,1,0,0
116934,tt0295297,movie,Harry Potter and the Chamber of Secrets,2002,161,"['Adventure', 'Family', 'Fantasy']",7.4,648712,0,0,1,0,0,0,0,0,0,1,1,0,0,0,0,0,0,0,0,0,0,0,0,0,0,0,0,0
118707,tt0304141,movie,Harry Potter and the Prisoner of Azkaban,2004,142,"['Adventure', 'Family', 'Fantasy']",7.9,647668,0,0,1,0,0,0,0,0,0,1,1,0,0,0,0,0,0,0,0,0,0,0,0,0,0,0,0,0
120928,tt0314331,movie,Love Actually,2003,135,"['Comedy', 'Drama', 'Romance']",7.6,501129,0,0,0,0,0,1,0,0,1,0,0,0,0,0,0,0,0,0,0,0,1,0,0,0,0,0,0,0
121482,tt0316654,movie,Spider-Man 2,2004,127,"['Action', 'Adventure', 'Sci-Fi']",7.4,664164,1,0,1,0,0,0,0,0,0,0,0,0,0,0,0,0,0,0,0,0,0,1,0,0,0,0,0,0
121616,tt0317248,movie,City of God,2002,130,"['Crime', 'Drama']",8.6,764068,0,0,0,0,0,0,1,0,1,0,0,0,0,0,0,0,0,0,0,0,0,0,0,0,0,0,0,0
121708,tt0317705,movie,The Incredibles,2004,115,"['Action', 'Adventure', 'Animation']",8.0,750539,1,0,1,1,0,0,0,0,0,0,0,0,0,0,0,0,0,0,0,0,0,0,0,0,0,0,0,0
123322,tt0325980,movie,Pirates of the Caribbean: The Curse of the Black Pearl,2003,143,"['Action', 'Adventure', 'Fantasy']",8.1,1141205,1,0,1,0,0,0,0,0,0,0,1,0,0,0,0,0,0,0,0,0,0,0,0,0,0,0,0,0
124090,tt0330373,movie,Harry Potter and the Goblet of Fire,2005,157,"['Adventure', 'Family', 'Fantasy']",7.7,639365,0,0,1,0,0,0,0,0,0,1,1,0,0,0,0,0,0,0,0,0,0,0,0,0,0,0,0,0
124426,tt0332280,movie,The Notebook,2004,123,"['Drama', 'Romance']",7.8,582374,0,0,0,0,0,0,0,0,1,0,0,0,0,0,0,0,0,0,0,0,1,0,0,0,0,0,0,0
124461,tt0332452,movie,Troy,2004,163,['Drama'],7.3,543325,0,0,0,0,0,0,0,0,1,0,0,0,0,0,0,0,0,0,0,0,0,0,0,0,0,0,0,0
125399,tt0338013,movie,Eternal Sunshine of the Spotless Mind,2004,108,"['Drama', 'Romance', 'Sci-Fi']",8.3,1020728,0,0,0,0,0,0,0,0,1,0,0,0,0,0,0,0,0,0,0,0,1,1,0,0,0,0,0,0
126513,tt0343818,movie,"I, Robot",2004,115,"['Action', 'Mystery', 'Sci-Fi']",7.1,549275,1,0,0,0,0,0,0,0,0,0,0,0,0,0,0,0,0,1,0,0,0,1,0,0,0,0,0,0
129093,tt0356910,movie,Mr. & Mrs. Smith,2005,120,"['Action', 'Comedy', 'Crime']",6.5,505959,1,0,0,0,0,1,1,0,0,0,0,0,0,0,0,0,0,0,0,0,0,0,0,0,0,0,0,0
130036,tt0361748,movie,Inglourious Basterds,2009,153,"['Adventure', 'Drama', 'War']",8.3,1471427,0,0,1,0,0,0,0,0,1,0,0,0,0,0,0,0,0,0,0,0,0,0,0,0,0,0,1,0
130664,tt0364569,movie,Oldboy,2003,120,"['Action', 'Drama', 'Mystery']",8.4,588404,1,0,0,0,0,0,0,0,1,0,0,0,0,0,0,0,0,1,0,0,0,0,0,0,0,0,0,0
130873,tt0365748,movie,Shaun of the Dead,2004,99,"['Comedy', 'Horror']",7.9,565989,0,0,0,0,0,1,0,0,0,0,0,0,0,0,1,0,0,0,0,0,0,0,0,0,0,0,0,0
131706,tt0369610,movie,Jurassic World,2015,124,"['Action', 'Adventure', 'Sci-Fi']",6.9,651287,1,0,1,0,0,0,0,0,0,0,0,0,0,0,0,0,0,0,0,0,0,1,0,0,0,0,0,0
132121,tt0371746,movie,Iron Man,2008,126,"['Action', 'Adventure', 'Sci-Fi']",7.9,1071712,1,0,1,0,0,0,0,0,0,0,0,0,0,0,0,0,0,0,0,0,0,1,0,0,0,0,0,0
132324,tt0372784,movie,Batman Begins,2005,140,"['Action', 'Crime', 'Drama']",8.2,1487381,1,0,0,0,0,0,1,0,1,0,0,0,0,0,0,0,0,0,0,0,0,0,0,0,0,0,0,0
132521,tt0373889,movie,Harry Potter and the Order of the Phoenix,2007,138,"['Action', 'Adventure', 'Family']",7.5,593958,1,0,1,0,0,0,0,0,0,1,0,0,0,0,0,0,0,0,0,0,0,0,0,0,0,0,0,0
133129,tt0376994,movie,X-Men: The Last Stand,2006,104,"['Action', 'Adventure', 'Sci-Fi']",6.6,523238,1,0,1,0,0,0,0,0,0,0,0,0,0,0,0,0,0,0,0,0,0,1,0,0,0,0,0,0
133378,tt0378194,movie,Kill Bill: Vol. 2,2004,137,"['Action', 'Crime', 'Thriller']",8.0,766516,1,0,0,0,0,0,1,0,0,0,0,0,0,0,0,0,0,0,0,0,0,0,0,0,0,1,0,0
134002,tt0381061,movie,Casino Royale,2006,144,"['Action', 'Adventure', 'Thriller']",8.0,665837,1,0,1,0,0,0,0,0,0,0,0,0,0,0,0,0,0,0,0,0,0,0,0,0,0,1,0,0
134456,tt0382932,movie,Ratatouille,2007,111,"['Adventure', 'Animation', 'Comedy']",8.1,752989,0,0,1,1,0,1,0,0,0,0,0,0,0,0,0,0,0,0,0,0,0,0,0,0,0,0,0,0
134585,tt0383574,movie,Pirates of the Caribbean: Dead Man's Chest,2006,151,"['Action', 'Adventure', 'Fantasy']",7.3,729366,1,0,1,0,0,0,0,0,0,0,1,0,0,0,0,0,0,0,0,0,0,0,0,0,0,0,0,0
137550,tt0401792,movie,Sin City,2005,124,"['Crime', 'Thriller']",8.0,775352,0,0,0,0,0,0,1,0,0,0,0,0,0,0,0,0,0,0,0,0,0,0,0,0,0,1,0,0
138133,tt0405159,movie,Million Dollar Baby,2004,132,"['Drama', 'Sport']",8.1,694320,0,0,0,0,0,0,0,0,1,0,0,0,0,0,0,0,0,0,0,0,0,0,0,1,0,0,0,0
138566,tt0407887,movie,The Departed,2006,151,"['Crime', 'Drama', 'Thriller']",8.5,1340621,0,0,0,0,0,0,1,0,1,0,0,0,0,0,0,0,0,0,0,0,0,0,0,0,0,1,0,0
138811,tt0409459,movie,Watchmen,2009,162,"['Action', 'Drama', 'Mystery']",7.6,558773,1,0,0,0,0,0,0,0,1,0,0,0,0,0,0,0,0,1,0,0,0,0,0,0,0,0,0,0
139332,tt0413300,movie,Spider-Man 3,2007,139,"['Action', 'Adventure', 'Sci-Fi']",6.3,600687,1,0,1,0,0,0,0,0,0,0,0,0,0,0,0,0,0,0,0,0,0,1,0,0,0,0,0,0
139854,tt0416449,movie,300,2006,117,"['Action', 'Drama']",7.6,829988,1,0,0,0,0,0,0,0,1,0,0,0,0,0,0,0,0,0,0,0,0,0,0,0,0,0,0,0
140114,tt0417741,movie,Harry Potter and the Half-Blood Prince,2009,153,"['Action', 'Adventure', 'Family']",7.6,557133,1,0,1,0,0,0,0,0,0,1,0,0,0,0,0,0,0,0,0,0,0,0,0,0,0,0,0,0
140231,tt0418279,movie,Transformers,2007,144,"['Action', 'Adventure', 'Sci-Fi']",7.0,646279,1,0,1,0,0,0,0,0,0,0,0,0,0,0,0,0,0,0,0,0,0,1,0,0,0,0,0,0
140874,tt0421715,movie,The Curious Case of Benjamin Button,2008,166,"['Drama', 'Fantasy', 'Romance']",7.8,661188,0,0,0,0,0,0,0,0,1,0,1,0,0,0,0,0,0,0,0,0,1,0,0,0,0,0,0,0
141451,tt0425112,movie,Hot Fuzz,2007,121,"['Action', 'Comedy', 'Mystery']",7.8,512595,1,0,0,0,0,1,0,0,0,0,0,0,0,0,0,0,0,1,0,0,0,0,0,0,0,0,0,0
143063,tt0434409,movie,V for Vendetta,2005,132,"['Action', 'Drama', 'Sci-Fi']",8.2,1132201,1,0,0,0,0,0,0,0,1,0,0,0,0,0,0,0,0,0,0,0,0,1,0,0,0,0,0,0
143263,tt0435761,movie,Toy Story 3,2010,103,"['Adventure', 'Animation', 'Comedy']",8.3,846043,0,0,1,1,0,1,0,0,0,0,0,0,0,0,0,0,0,0,0,0,0,0,0,0,0,0,0,0
144112,tt0440963,movie,The Bourne Ultimatum,2007,115,"['Action', 'Mystery', 'Thriller']",8.0,640284,1,0,0,0,0,0,0,0,0,0,0,0,0,0,0,0,0,1,0,0,0,0,0,0,0,1,0,0
144594,tt0443706,movie,Zodiac,2007,157,"['Crime', 'Drama', 'Mystery']",7.7,553914,0,0,0,0,0,0,1,0,1,0,0,0,0,0,0,0,0,1,0,0,0,0,0,0,0,0,0,0
145495,tt0449088,movie,Pirates of the Caribbean: At World's End,2007,169,"['Action', 'Adventure', 'Fantasy']",7.1,660589,1,0,1,0,0,0,0,0,0,0,1,0,0,0,0,0,0,0,0,0,0,0,0,0,0,0,0,0
145643,tt0450259,movie,Blood Diamond,2006,143,"['Adventure', 'Drama', 'Thriller']",8.0,558468,0,0,1,0,0,0,0,0,1,0,0,0,0,0,0,0,0,0,0,0,0,0,0,0,0,1,0,0
145853,tt0451279,movie,Wonder Woman,2017,141,"['Action', 'Adventure', 'Fantasy']",7.4,667456,1,0,1,0,0,0,0,0,0,0,1,0,0,0,0,0,0,0,0,0,0,0,0,0,0,0,0,0
146372,tt0454876,movie,Life of Pi,2012,127,"['Adventure', 'Drama', 'Fantasy']",7.9,639649,0,0,1,0,0,0,0,0,1,0,1,0,0,0,0,0,0,0,0,0,0,0,0,0,0,0,0,0
146389,tt0454921,movie,The Pursuit of Happyness,2006,117,"['Biography', 'Drama']",8.0,523385,0,0,0,0,1,0,0,0,1,0,0,0,0,0,0,0,0,0,0,0,0,0,0,0,0,0,0,0
146845,tt0457430,movie,Pan's Labyrinth,2006,118,"['Drama', 'Fantasy', 'War']",8.2,675876,0,0,0,0,0,0,0,0,1,0,1,0,0,0,0,0,0,0,0,0,0,0,0,0,0,0,1,0
146996,tt0458339,movie,Captain America: The First Avenger,2011,124,"['Action', 'Adventure', 'Sci-Fi']",6.9,856131,1,0,1,0,0,0,0,0,0,0,0,0,0,0,0,0,0,0,0,0,0,1,0,0,0,0,0,0
147044,tt0458525,movie,X-Men Origins: Wolverine,2009,107,"['Action', 'Sci-Fi']",6.5,511743,1,0,0,0,0,0,0,0,0,0,0,0,0,0,0,0,0,0,0,0,0,1,0,0,0,0,0,0
148283,tt0467406,movie,Juno,2007,96,"['Comedy', 'Drama']",7.5,529135,0,0,0,0,0,1,0,0,1,0,0,0,0,0,0,0,0,0,0,0,0,0,0,0,0,0,0,0
148414,tt0468569,movie,The Dark Knight,2008,152,"['Action', 'Crime', 'Drama']",9.0,2685598,1,0,0,0,0,0,1,0,1,0,0,0,0,0,0,0,0,0,0,0,0,0,0,0,0,0,0,0
148542,tt0469494,movie,There Will Be Blood,2007,158,['Drama'],8.2,595486,0,0,0,0,0,0,0,0,1,0,0,0,0,0,0,0,0,0,0,0,0,0,0,0,0,0,0,0
148756,tt0470752,movie,Ex Machina,2014,108,"['Drama', 'Sci-Fi', 'Thriller']",7.7,554885,0,0,0,0,0,0,0,0,1,0,0,0,0,0,0,0,0,0,0,0,0,1,0,0,0,1,0,0
149723,tt0477348,movie,No Country for Old Men,2007,122,"['Crime', 'Drama', 'Thriller']",8.2,988571,0,0,0,0,0,0,1,0,1,0,0,0,0,0,0,0,0,0,0,0,0,0,0,0,0,1,0,0
150013,tt0478970,movie,Ant-Man,2015,117,"['Action', 'Comedy', 'Sci-Fi']",7.3,683058,1,0,0,0,0,1,0,0,0,0,0,0,0,0,0,0,0,0,0,0,0,1,0,0,0,0,0,0
150264,tt0480249,movie,I Am Legend,2007,101,"['Action', 'Drama', 'Horror']",7.2,771489,1,0,0,0,0,0,0,0,1,0,0,0,0,0,1,0,0,0,0,0,0,0,0,0,0,0,0,0
150628,tt0482571,movie,The Prestige,2006,130,"['Drama', 'Mystery', 'Sci-Fi']",8.5,1349116,0,0,0,0,0,0,0,0,1,0,0,0,0,0,0,0,0,1,0,0,0,1,0,0,0,0,0,0
153033,tt0499549,movie,Avatar,2009,162,"['Action', 'Adventure', 'Fantasy']",7.9,1328762,1,0,1,0,0,0,0,0,0,0,1,0,0,0,0,0,0,0,0,0,0,0,0,0,0,0,0,0
153287,tt0758758,movie,Into the Wild,2007,148,"['Adventure', 'Biography', 'Drama']",8.1,630112,0,0,1,0,1,0,0,0,1,0,0,0,0,0,0,0,0,0,0,0,0,0,0,0,0,0,0,0
153714,tt0770828,movie,Man of Steel,2013,143,"['Action', 'Adventure', 'Sci-Fi']",7.1,780028,1,0,1,0,0,0,0,0,0,0,0,0,0,0,0,0,0,0,0,0,0,1,0,0,0,0,0,0
154165,tt0780504,movie,Drive,2011,100,"['Action', 'Drama']",7.8,654736,1,0,0,0,0,0,0,0,1,0,0,0,0,0,0,0,0,0,0,0,0,0,0,0,0,0,0,0
154913,tt0796366,movie,Star Trek,2009,127,"['Action', 'Adventure', 'Sci-Fi']",7.9,607741,1,0,1,0,0,0,0,0,0,0,0,0,0,0,0,0,0,0,0,0,0,1,0,0,0,0,0,0
155050,tt0800080,movie,The Incredible Hulk,2008,112,"['Action', 'Adventure', 'Sci-Fi']",6.6,500278,1,0,1,0,0,0,0,0,0,0,0,0,0,0,0,0,0,0,0,0,0,1,0,0,0,0,0,0
155122,tt0800369,movie,Thor,2011,115,"['Action', 'Fantasy']",7.0,860032,1,0,0,0,0,0,0,0,0,0,1,0,0,0,0,0,0,0,0,0,0,0,0,0,0,0,0,0
156179,tt0816692,movie,Interstellar,2014,169,"['Adventure', 'Drama', 'Sci-Fi']",8.6,1871968,0,0,1,0,0,0,0,0,1,0,0,0,0,0,0,0,0,0,0,0,0,1,0,0,0,0,0,0
156181,tt0816711,movie,World War Z,2013,116,"['Action', 'Adventure', 'Horror']",7.0,679401,1,0,1,0,0,0,0,0,0,0,0,0,0,0,1,0,0,0,0,0,0,0,0,0,0,0,0,0
157004,tt0829482,movie,Superbad,2007,113,['Comedy'],7.6,592415,0,0,0,0,0,1,0,0,0,0,0,0,0,0,0,0,0,0,0,0,0,0,0,0,0,0,0,0
157939,tt0848228,movie,The Avengers,2012,143,"['Action', 'Sci-Fi']",8.0,1404206,1,0,0,0,0,0,0,0,0,0,0,0,0,0,0,0,0,0,0,0,0,1,0,0,0,0,0,0
159597,tt0892769,movie,How to Train Your Dragon,2010,98,"['Action', 'Adventure', 'Animation']",8.1,751555,1,0,1,1,0,0,0,0,0,0,0,0,0,0,0,0,0,0,0,0,0,0,0,0,0,0,0,0
159950,tt0903624,movie,The Hobbit: An Unexpected Journey,2012,169,['Fantasy'],7.8,837758,0,0,0,0,0,0,0,0,0,0,1,0,0,0,0,0,0,0,0,0,0,0,0,0,0,0,0,0
160222,tt0910970,movie,WALL·E,2008,98,"['Adventure', 'Animation', 'Family']",8.4,1129722,0,0,1,1,0,0,0,0,0,1,0,0,0,0,0,0,0,0,0,0,0,0,0,0,0,0,0,0
160577,tt0926084,movie,Harry Potter and the Deathly Hallows: Part 1,2010,146,"['Adventure', 'Family', 'Fantasy']",7.7,560704,0,0,1,0,0,0,0,0,0,1,1,0,0,0,0,0,0,0,0,0,0,0,0,0,0,0,0,0
160934,tt0936501,movie,Taken,2008,90,"['Action', 'Crime', 'Thriller']",7.8,610243,1,0,0,0,0,0,1,0,0,0,0,0,0,0,0,0,0,0,0,0,0,0,0,0,0,1,0,0
161233,tt0945513,movie,Source Code,2011,93,"['Action', 'Drama', 'Mystery']",7.5,527417,1,0,0,0,0,0,0,0,1,0,0,0,0,0,0,0,0,1,0,0,0,0,0,0,0,0,0,0
161273,tt0947798,movie,Black Swan,2010,108,"['Drama', 'Thriller']",8.0,779749,0,0,0,0,0,0,0,0,1,0,0,0,0,0,0,0,0,0,0,0,0,0,0,0,0,1,0,0
161293,tt0948470,movie,The Amazing Spider-Man,2012,136,"['Action', 'Adventure', 'Sci-Fi']",6.9,665510,1,0,1,0,0,0,0,0,0,0,0,0,0,0,0,0,0,0,0,0,0,1,0,0,0,0,0,0
162708,tt0988045,movie,Sherlock Holmes,2009,128,"['Action', 'Adventure', 'Mystery']",7.6,642894,1,0,1,0,0,0,0,0,0,0,0,0,0,0,0,0,0,1,0,0,0,0,0,0,0,0,0,0
162924,tt0993846,movie,The Wolf of Wall Street,2013,180,"['Biography', 'Comedy', 'Crime']",8.2,1438794,0,0,0,0,1,1,1,0,0,0,0,0,0,0,0,0,0,0,0,0,0,0,0,0,0,0,0,0
164035,tt1010048,movie,Slumdog Millionaire,2008,120,"['Crime', 'Drama', 'Romance']",8.0,853136,0,0,0,0,0,0,1,0,1,0,0,0,0,0,0,0,0,0,0,0,1,0,0,0,0,0,0,0
165172,tt1022603,movie,500 Days of Summer,2009,95,"['Comedy', 'Drama', 'Romance']",7.7,525046,0,0,0,0,0,1,0,0,1,0,0,0,0,0,0,0,0,0,0,0,1,0,0,0,0,0,0,0
165381,tt1024648,movie,Argo,2012,120,"['Biography', 'Drama', 'Thriller']",7.7,620419,0,0,0,0,1,0,0,0,1,0,0,0,0,0,0,0,0,0,0,0,0,0,0,0,0,1,0,0
167450,tt1045658,movie,Silver Linings Playbook,2012,122,"['Comedy', 'Drama', 'Romance']",7.7,716978,0,0,0,0,0,1,0,0,1,0,0,0,0,0,0,0,0,0,0,0,1,0,0,0,0,0,0,0
167856,tt1049413,movie,Up,2009,96,"['Adventure', 'Animation', 'Comedy']",8.3,1056915,0,0,1,1,0,1,0,0,0,0,0,0,0,0,0,0,0,0,0,0,0,0,0,0,0,0,0,0
170239,tt1074638,movie,Skyfall,2012,143,"['Action', 'Adventure', 'Thriller']",7.8,704880,1,0,1,0,0,0,0,0,0,0,0,0,0,0,0,0,0,0,0,0,0,0,0,0,0,1,0,0
170795,tt10811166,movie,The Kashmir Files,2022,170,['Drama'],8.7,563410,0,0,0,0,0,0,0,0,1,0,0,0,0,0,0,0,0,0,0,0,0,0,0,0,0,0,0,0
171260,tt10872600,movie,Spider-Man: No Way Home,2021,148,"['Action', 'Adventure', 'Fantasy']",8.2,777068,1,0,1,0,0,0,0,0,0,0,1,0,0,0,0,0,0,0,0,0,0,0,0,0,0,0,0,0
174391,tt1119646,movie,The Hangover,2009,100,['Comedy'],7.7,797904,0,0,0,0,0,1,0,0,0,0,0,0,0,0,0,0,0,0,0,0,0,0,0,0,0,0,0,0
175170,tt11286314,movie,Don't Look Up,2021,138,"['Comedy', 'Drama', 'Sci-Fi']",7.2,548711,0,0,0,0,0,1,0,0,1,0,0,0,0,0,0,0,0,0,0,0,0,1,0,0,0,0,0,0
175361,tt1130884,movie,Shutter Island,2010,138,"['Mystery', 'Thriller']",8.2,1339449,0,0,0,0,0,0,0,0,0,0,0,0,0,0,0,0,0,1,0,0,0,0,0,0,0,1,0,0
175917,tt1136608,movie,District 9,2009,112,"['Action', 'Sci-Fi', 'Thriller']",7.9,689751,1,0,0,0,0,0,0,0,0,0,0,0,0,0,0,0,0,0,0,0,0,1,0,0,0,1,0,0
177672,tt1156398,movie,Zombieland,2009,88,"['Action', 'Comedy', 'Horror']",7.6,587850,1,0,0,0,0,1,0,0,0,0,0,0,0,0,1,0,0,0,0,0,0,0,0,0,0,0,0,0
178052,tt1160419,movie,Dune,2021,155,"['Action', 'Adventure', 'Drama']",8.0,655173,1,0,1,0,0,0,0,0,1,0,0,0,0,0,0,0,0,0,0,0,0,0,0,0,0,0,0,0
178827,tt1170358,movie,The Hobbit: The Desolation of Smaug,2013,161,['Fantasy'],7.8,673029,0,0,0,0,0,0,0,0,0,0,1,0,0,0,0,0,0,0,0,0,0,0,0,0,0,0,0,0
181560,tt1201607,movie,Harry Potter and the Deathly Hallows: Part 2,2011,130,"['Adventure', 'Family', 'Fantasy']",8.1,889560,0,0,1,0,0,0,0,0,0,1,1,0,0,0,0,0,0,0,0,0,0,0,0,0,0,0,0,0
181843,tt1205489,movie,Gran Torino,2008,116,['Drama'],8.1,783448,0,0,0,0,0,0,0,0,1,0,0,0,0,0,0,0,0,0,0,0,0,0,0,0,0,0,0,0
182323,tt1211837,movie,Doctor Strange,2016,115,"['Action', 'Adventure', 'Fantasy']",7.5,755569,1,0,1,0,0,0,0,0,0,0,1,0,0,0,0,0,0,0,0,0,0,0,0,0,0,0,0,0
182832,tt1219289,movie,Limitless,2011,105,"['Sci-Fi', 'Thriller']",7.4,583405,0,0,0,0,0,0,0,0,0,0,0,0,0,0,0,0,0,0,0,0,0,1,0,0,0,1,0,0
183544,tt1228705,movie,Iron Man 2,2010,124,"['Action', 'Sci-Fi']",6.9,828516,1,0,0,0,0,0,0,0,0,0,0,0,0,0,0,0,0,0,0,0,0,1,0,0,0,0,0,0
183910,tt1232829,movie,21 Jump Street,2012,109,"['Action', 'Comedy', 'Crime']",7.2,568311,1,0,0,0,0,1,1,0,0,0,0,0,0,0,0,0,0,0,0,0,0,0,0,0,0,0,0,0
185378,tt1250777,movie,Kick-Ass,2010,117,"['Action', 'Comedy', 'Crime']",7.6,570475,1,0,0,0,0,1,1,0,0,0,0,0,0,0,0,0,0,0,0,0,0,0,0,0,0,0,0,0
186826,tt1270798,movie,X-Men: First Class,2011,131,"['Action', 'Sci-Fi']",7.7,700095,1,0,0,0,0,0,0,0,0,0,0,0,0,0,0,0,0,0,0,0,0,1,0,0,0,0,0,0
187253,tt1276104,movie,Looper,2012,119,"['Action', 'Drama', 'Sci-Fi']",7.4,583299,1,0,0,0,0,0,0,0,1,0,0,0,0,0,0,0,0,0,0,0,0,1,0,0,0,0,0,0
188088,tt1285016,movie,The Social Network,2010,120,"['Biography', 'Drama']",7.8,714980,0,0,0,0,1,0,0,0,1,0,0,0,0,0,0,0,0,0,0,0,0,0,0,0,0,0,0,0
189259,tt1298650,movie,Pirates of the Caribbean: On Stranger Tides,2011,137,"['Action', 'Adventure', 'Fantasy']",6.6,536178,1,0,1,0,0,0,0,0,0,0,1,0,0,0,0,0,0,0,0,0,0,0,0,0,0,0,0,0
189429,tt1300854,movie,Iron Man 3,2013,130,"['Action', 'Adventure', 'Sci-Fi']",7.1,861139,1,0,1,0,0,0,0,0,0,0,0,0,0,0,0,0,0,0,0,0,0,1,0,0,0,0,0,0
191031,tt1318514,movie,Rise of the Planet of the Apes,2011,105,"['Action', 'Drama', 'Sci-Fi']",7.6,535653,1,0,0,0,0,0,0,0,1,0,0,0,0,0,0,0,0,0,0,0,0,1,0,0,0,0,0,0
191556,tt1323594,movie,Despicable Me,2010,95,"['Adventure', 'Animation', 'Comedy']",7.6,555297,0,0,1,1,0,1,0,0,0,0,0,0,0,0,0,0,0,0,0,0,0,0,0,0,0,0,0,0
193883,tt1343092,movie,The Great Gatsby,2013,143,"['Drama', 'Romance']",7.2,557555,0,0,0,0,0,0,0,0,1,0,0,0,0,0,0,0,0,0,0,0,1,0,0,0,0,0,0,0
194184,tt1345836,movie,The Dark Knight Rises,2012,164,"['Action', 'Drama', 'Thriller']",8.4,1723595,1,0,0,0,0,0,0,0,1,0,0,0,0,0,0,0,0,0,0,0,0,0,0,0,0,1,0,0
196505,tt1375666,movie,Inception,2010,148,"['Action', 'Adventure', 'Sci-Fi']",8.8,2383275,1,0,1,0,0,0,0,0,0,0,0,0,0,0,0,0,0,0,0,0,0,1,0,0,0,0,0,0
197331,tt1386697,movie,Suicide Squad,2016,123,"['Action', 'Adventure', 'Fantasy']",5.9,693807,1,0,1,0,0,0,0,0,0,0,1,0,0,0,0,0,0,0,0,0,0,0,0,0,0,0,0,0
197830,tt1392170,movie,The Hunger Games,2012,142,"['Action', 'Adventure', 'Sci-Fi']",7.2,931417,1,0,1,0,0,0,0,0,0,0,0,0,0,0,0,0,0,0,0,0,0,1,0,0,0,0,0,0
197833,tt1392190,movie,Mad Max: Fury Road,2015,120,"['Action', 'Adventure', 'Sci-Fi']",8.1,1017477,1,0,1,0,0,0,0,0,0,0,0,0,0,0,0,0,0,0,0,0,0,1,0,0,0,0,0,0
197839,tt1392214,movie,Prisoners,2013,153,"['Crime', 'Drama', 'Mystery']",8.1,732513,0,0,0,0,0,0,1,0,1,0,0,0,0,0,0,0,0,1,0,0,0,0,0,0,0,0,0,0
198101,tt1396484,movie,It,2017,135,['Horror'],7.3,560275,0,0,0,0,0,0,0,0,0,0,0,0,0,0,1,0,0,0,0,0,0,0,0,0,0,0,0,0
199382,tt1411697,movie,The Hangover Part II,2011,102,['Comedy'],6.5,508570,0,0,0,0,0,1,0,0,0,0,0,0,0,0,0,0,0,0,0,0,0,0,0,0,0,0,0,0
200877,tt1431045,movie,Deadpool,2016,108,"['Action', 'Comedy']",8.0,1053355,1,0,0,0,0,1,0,0,0,0,0,0,0,0,0,0,0,0,0,0,0,0,0,0,0,0,0,0
202257,tt1446714,movie,Prometheus,2012,124,"['Adventure', 'Mystery', 'Sci-Fi']",7.0,617134,0,0,1,0,0,0,0,0,0,0,0,0,0,0,0,0,0,1,0,0,0,1,0,0,0,0,0,0
202784,tt1454468,movie,Gravity,2013,91,"['Drama', 'Sci-Fi', 'Thriller']",7.7,835258,0,0,0,0,0,0,0,0,1,0,0,0,0,0,0,0,0,0,0,0,0,1,0,0,0,1,0,0
203067,tt1457767,movie,The Conjuring,2013,112,"['Horror', 'Mystery', 'Thriller']",7.5,518321,0,0,0,0,0,0,0,0,0,0,0,0,0,0,1,0,0,1,0,0,0,0,0,0,0,1,0,0
205031,tt1483013,movie,Oblivion,2013,124,"['Action', 'Adventure', 'Sci-Fi']",7.0,533791,1,0,1,0,0,0,0,0,0,0,0,0,0,0,0,0,0,0,0,0,0,1,0,0,0,0,0,0
206512,tt1504320,movie,The King's Speech,2010,118,"['Biography', 'Drama', 'History']",8.0,687254,0,0,0,0,1,0,0,0,1,0,0,0,0,1,0,0,0,0,0,0,0,0,0,0,0,0,0,0
211843,tt1570728,movie,"Crazy, Stupid, Love.",2011,118,"['Comedy', 'Drama', 'Romance']",7.4,528911,0,0,0,0,0,1,0,0,1,0,0,0,0,0,0,0,0,0,0,0,1,0,0,0,0,0,0,0
215558,tt1631867,movie,Edge of Tomorrow,2014,113,"['Action', 'Adventure', 'Sci-Fi']",7.9,691382,1,0,1,0,0,0,0,0,0,0,0,0,0,0,0,0,0,0,0,0,0,1,0,0,0,0,0,0
215813,tt1637725,movie,Ted,2012,106,['Comedy'],6.9,623847,0,0,0,0,0,1,0,0,0,0,0,0,0,0,0,0,0,0,0,0,0,0,0,0,0,0,0,0
216914,tt1659337,movie,The Perks of Being a Wallflower,2012,103,['Drama'],7.9,520997,0,0,0,0,0,0,0,0,1,0,0,0,0,0,0,0,0,0,0,0,0,0,0,0,0,0,0,0
217029,tt1663202,movie,The Revenant,2015,156,"['Action', 'Adventure', 'Drama']",8.0,818153,1,0,1,0,0,0,0,0,1,0,0,0,0,0,0,0,0,0,0,0,0,0,0,0,0,0,0,0
217062,tt1663662,movie,Pacific Rim,2013,131,"['Action', 'Adventure', 'Sci-Fi']",6.9,509057,1,0,1,0,0,0,0,0,0,0,0,0,0,0,0,0,0,0,0,0,0,1,0,0,0,0,0,0
217404,tt1670345,movie,Now You See Me,2013,115,"['Crime', 'Mystery', 'Thriller']",7.2,670959,0,0,0,0,0,0,1,0,0,0,0,0,0,0,0,0,0,1,0,0,0,0,0,0,0,1,0,0
217725,tt1675434,movie,The Intouchables,2011,112,"['Biography', 'Comedy', 'Drama']",8.5,870871,0,0,0,0,1,1,0,0,1,0,0,0,0,0,0,0,0,0,0,0,0,0,0,0,0,0,0,0
220147,tt1727824,movie,Bohemian Rhapsody,2018,134,"['Biography', 'Drama', 'Music']",7.9,548536,0,0,0,0,1,0,0,0,1,0,0,0,0,0,0,1,0,0,0,0,0,0,0,0,0,0,0,0
221026,tt1745960,movie,Top Gun: Maverick,2022,130,"['Action', 'Drama']",8.3,544464,1,0,0,0,0,0,0,0,1,0,0,0,0,0,0,0,0,0,0,0,0,0,0,0,0,0,0,0
223398,tt1798709,movie,Her,2013,126,"['Drama', 'Romance', 'Sci-Fi']",8.0,626556,0,0,0,0,0,0,0,0,1,0,0,0,0,0,0,0,0,0,0,0,1,1,0,0,0,0,0,0
224569,tt1825683,movie,Black Panther,2018,134,"['Action', 'Adventure', 'Sci-Fi']",7.3,792090,1,0,1,0,0,0,0,0,0,0,0,0,0,0,0,0,0,0,0,0,0,1,0,0,0,0,0,0
225714,tt1843866,movie,Captain America: The Winter Soldier,2014,136,"['Action', 'Adventure', 'Sci-Fi']",7.8,857433,1,0,1,0,0,0,0,0,0,0,0,0,0,0,0,0,0,0,0,0,0,1,0,0,0,0,0,0
226150,tt1853728,movie,Django Unchained,2012,165,"['Drama', 'Western']",8.4,1577604,0,0,0,0,0,0,0,0,1,0,0,0,0,0,0,0,0,0,0,0,0,0,0,0,0,0,0,1
226289,tt1856101,movie,Blade Runner 2049,2017,164,"['Action', 'Drama', 'Mystery']",8.0,590171,1,0,0,0,0,0,0,0,1,0,0,0,0,0,0,0,0,1,0,0,0,0,0,0,0,0,0,0
227016,tt1872181,movie,The Amazing Spider-Man 2,2014,142,"['Action', 'Adventure', 'Sci-Fi']",6.6,506821,1,0,1,0,0,0,0,0,0,0,0,0,0,0,0,0,0,0,0,0,0,1,0,0,0,0,0,0
227219,tt1877830,movie,The Batman,2022,176,"['Action', 'Crime', 'Drama']",7.8,680819,1,0,0,0,0,0,1,0,1,0,0,0,0,0,0,0,0,0,0,0,0,0,0,0,0,0,0,0
227220,tt1877832,movie,X-Men: Days of Future Past,2014,132,"['Action', 'Adventure', 'Sci-Fi']",7.9,719994,1,0,1,0,0,0,0,0,0,0,0,0,0,0,0,0,0,0,0,0,0,1,0,0,0,0,0,0
229556,tt1951264,movie,The Hunger Games: Catching Fire,2013,146,"['Action', 'Adventure', 'Sci-Fi']",7.5,674781,1,0,1,0,0,0,0,0,0,0,0,0,0,0,0,0,0,0,0,0,0,1,0,0,0,0,0,0
230658,tt1981115,movie,Thor: The Dark World,2013,112,"['Action', 'Adventure', 'Fantasy']",6.8,692704,1,0,1,0,0,0,0,0,0,0,1,0,0,0,0,0,0,0,0,0,0,0,0,0,0,0,0,0
231964,tt2015381,movie,Guardians of the Galaxy,2014,121,"['Action', 'Adventure', 'Comedy']",8.0,1194170,1,0,1,0,0,1,0,0,0,0,0,0,0,0,0,0,0,0,0,0,0,0,0,0,0,0,0,0
232349,tt2024544,movie,12 Years a Slave,2013,134,"['Biography', 'Drama', 'History']",8.1,709399,0,0,0,0,1,0,0,0,1,0,0,0,0,1,0,0,0,0,0,0,0,0,0,0,0,0,0,0
234522,tt2084970,movie,The Imitation Game,2014,114,"['Biography', 'Drama', 'Thriller']",8.0,781415,0,0,0,0,1,0,0,0,1,0,0,0,0,0,0,0,0,0,0,0,0,0,0,0,0,1,0,0
235093,tt2096673,movie,Inside Out,2015,95,"['Adventure', 'Animation', 'Comedy']",8.2,725828,0,0,1,1,0,1,0,0,0,0,0,0,0,0,0,0,0,0,0,0,0,0,0,0,0,0,0,0
236141,tt2119532,movie,Hacksaw Ridge,2016,139,"['Biography', 'Drama', 'History']",8.1,539259,0,0,0,0,1,0,0,0,1,0,0,0,0,1,0,0,0,0,0,0,0,0,0,0,0,0,0,0
241838,tt2250912,movie,Spider-Man: Homecoming,2017,133,"['Action', 'Adventure', 'Sci-Fi']",7.4,669741,1,0,1,0,0,0,0,0,0,0,0,0,0,0,0,0,0,0,0,0,0,1,0,0,0,0,0,0
242441,tt2267998,movie,Gone Girl,2014,149,"['Drama', 'Mystery', 'Thriller']",8.1,997405,0,0,0,0,0,0,0,0,1,0,0,0,0,0,0,0,0,1,0,0,0,0,0,0,0,1,0,0
242804,tt2278388,movie,The Grand Budapest Hotel,2014,99,"['Adventure', 'Comedy', 'Crime']",8.1,825525,0,0,1,0,0,1,1,0,0,0,0,0,0,0,0,0,0,0,0,0,0,0,0,0,0,0,0,0
243381,tt2294629,movie,Frozen,2013,102,"['Adventure', 'Animation', 'Comedy']",7.4,633782,0,0,1,1,0,1,0,0,0,0,0,0,0,0,0,0,0,0,0,0,0,0,0,0,0,0,0,0
243956,tt2310332,movie,The Hobbit: The Battle of the Five Armies,2014,144,"['Adventure', 'Fantasy']",7.4,542070,0,0,1,0,0,0,0,0,0,0,1,0,0,0,0,0,0,0,0,0,0,0,0,0,0,0,0,0
246721,tt2380307,movie,Coco,2017,105,"['Adventure', 'Animation', 'Comedy']",8.4,521994,0,0,1,1,0,1,0,0,0,0,0,0,0,0,0,0,0,0,0,0,0,0,0,0,0,0,0,0
247343,tt2395427,movie,Avengers: Age of Ultron,2015,141,"['Action', 'Adventure', 'Sci-Fi']",7.3,875582,1,0,1,0,0,0,0,0,0,0,0,0,0,0,0,0,0,0,0,0,0,1,0,0,0,0,0,0
249516,tt2488496,movie,Star Wars: Episode VII - The Force Awakens,2015,138,"['Action', 'Adventure', 'Sci-Fi']",7.8,939820,1,0,1,0,0,0,0,0,0,0,0,0,0,0,0,0,0,0,0,0,0,1,0,0,0,0,0,0
250243,tt2527336,movie,Star Wars: Episode VIII - The Last Jedi,2017,152,"['Action', 'Adventure', 'Fantasy']",6.9,640807,1,0,1,0,0,0,0,0,0,0,1,0,0,0,0,0,0,0,0,0,0,0,0,0,0,0,0,0
250499,tt2543164,movie,Arrival,2016,116,"['Drama', 'Mystery', 'Sci-Fi']",7.9,708763,0,0,0,0,0,0,0,0,1,0,0,0,0,0,0,0,0,1,0,0,0,1,0,0,0,0,0,0
250858,tt2562232,movie,Birdman or (The Unexpected Virtue of Ignorance),2014,119,"['Comedy', 'Drama']",7.7,639698,0,0,0,0,0,1,0,0,1,0,0,0,0,0,0,0,0,0,0,0,0,0,0,0,0,0,0,0
251263,tt2582802,movie,Whiplash,2014,106,"['Drama', 'Music']",8.5,884851,0,0,0,0,0,0,0,0,1,0,0,0,0,0,0,1,0,0,0,0,0,0,0,0,0,0,0,0
253597,tt2713180,movie,Fury,2014,134,"['Action', 'Drama', 'War']",7.5,503918,1,0,0,0,0,0,0,0,1,0,0,0,0,0,0,0,0,0,0,0,0,0,0,0,0,0,1,0
254846,tt2802144,movie,Kingsman: The Secret Service,2014,129,"['Action', 'Adventure', 'Comedy']",7.7,677933,1,0,1,0,0,1,0,0,0,0,0,0,0,0,0,0,0,0,0,0,0,0,0,0,0,0,0,0
255708,tt2872718,movie,Nightcrawler,2014,117,"['Crime', 'Drama', 'Thriller']",7.8,560723,0,0,0,0,0,0,1,0,1,0,0,0,0,0,0,0,0,0,0,0,0,0,0,0,0,1,0,0
255710,tt2872732,movie,Lucy,2014,89,"['Action', 'Sci-Fi', 'Thriller']",6.4,505645,1,0,0,0,0,0,0,0,0,0,0,0,0,0,0,0,0,0,0,0,0,1,0,0,0,1,0,0
256150,tt2911666,movie,John Wick,2014,101,"['Action', 'Crime', 'Thriller']",7.4,649287,1,0,0,0,0,0,1,0,0,0,0,0,0,0,0,0,0,0,0,0,0,0,0,0,0,1,0,0
256741,tt2948356,movie,Zootopia,2016,108,"['Adventure', 'Animation', 'Comedy']",8.0,508827,0,0,1,1,0,1,0,0,0,0,0,0,0,0,0,0,0,0,0,0,0,0,0,0,0,0,0,0
257208,tt2975590,movie,Batman v Superman: Dawn of Justice,2016,151,"['Action', 'Adventure', 'Sci-Fi']",6.4,706859,1,0,1,0,0,0,0,0,0,0,0,0,0,0,0,0,0,0,0,0,0,1,0,0,0,0,0,0
262415,tt3315342,movie,Logan,2017,137,"['Action', 'Drama', 'Sci-Fi']",8.1,776311,1,0,0,0,0,0,0,0,1,0,0,0,0,0,0,0,0,0,0,0,0,1,0,0,0,0,0,0
264558,tt3460252,movie,The Hateful Eight,2015,168,"['Crime', 'Drama', 'Mystery']",7.8,614635,0,0,0,0,0,0,1,0,1,0,0,0,0,0,0,0,0,1,0,0,0,0,0,0,0,0,0,0
265165,tt3498820,movie,Captain America: Civil War,2016,147,"['Action', 'Sci-Fi']",7.8,800991,1,0,0,0,0,0,0,0,0,0,0,0,0,0,0,0,0,0,0,0,0,1,0,0,0,0,0,0
265220,tt3501632,movie,Thor: Ragnarok,2017,130,"['Action', 'Adventure', 'Comedy']",7.9,765348,1,0,1,0,0,1,0,0,0,0,0,0,0,0,0,0,0,0,0,0,0,0,0,0,0,0,0,0
267659,tt3659388,movie,The Martian,2015,144,"['Adventure', 'Drama', 'Sci-Fi']",8.0,868557,0,0,1,0,0,0,0,0,1,0,0,0,0,0,0,0,0,0,0,0,0,1,0,0,0,0,0,0
269096,tt3748528,movie,Rogue One: A Star Wars Story,2016,133,"['Action', 'Adventure', 'Sci-Fi']",7.8,649618,1,0,1,0,0,0,0,0,0,0,0,0,0,0,0,0,0,0,0,0,0,1,0,0,0,0,0,0
269586,tt3783958,movie,La La Land,2016,128,"['Comedy', 'Drama', 'Music']",8.0,604559,0,0,0,0,0,1,0,0,1,0,0,0,0,0,0,1,0,0,0,0,0,0,0,0,0,0,0,0
271015,tt3890160,movie,Baby Driver,2017,113,"['Action', 'Crime', 'Drama']",7.6,555356,1,0,0,0,0,0,1,0,1,0,0,0,0,0,0,0,0,0,0,0,0,0,0,0,0,0,0,0
271118,tt3896198,movie,Guardians of the Galaxy Vol. 2,2017,136,"['Action', 'Adventure', 'Comedy']",7.6,694235,1,0,1,0,0,1,0,0,0,0,0,0,0,0,0,0,0,0,0,0,0,0,0,0,0,0,0,0
274299,tt4154664,movie,Captain Marvel,2019,123,"['Action', 'Adventure', 'Sci-Fi']",6.8,571030,1,0,1,0,0,0,0,0,0,0,0,0,0,0,0,0,0,0,0,0,0,1,0,0,0,0,0,0
274303,tt4154756,movie,Avengers: Infinity War,2018,149,"['Action', 'Adventure', 'Sci-Fi']",8.4,1102331,1,0,1,0,0,0,0,0,0,0,0,0,0,0,0,0,0,0,0,0,0,1,0,0,0,0,0,0
274304,tt4154796,movie,Avengers: Endgame,2019,181,"['Action', 'Adventure', 'Drama']",8.4,1156483,1,0,1,0,0,0,0,0,1,0,0,0,0,0,0,0,0,0,0,0,0,0,0,0,0,0,0,0
279932,tt4633694,movie,Spider-Man: Into the Spider-Verse,2018,117,"['Action', 'Adventure', 'Animation']",8.4,546290,1,0,1,1,0,0,0,0,0,0,0,0,0,0,0,0,0,0,0,0,0,0,0,0,0,0,0,0
283779,tt4972582,movie,Split,2016,117,"['Horror', 'Thriller']",7.3,510653,0,0,0,0,0,0,0,0,0,0,0,0,0,0,1,0,0,0,0,0,0,0,0,0,0,1,0,0
284183,tt5013056,movie,Dunkirk,2017,106,"['Action', 'Drama', 'History']",7.8,672876,1,0,0,0,0,0,0,0,1,0,0,0,0,1,0,0,0,0,0,0,0,0,0,0,0,0,0,0
284329,tt5027774,movie,"Three Billboards Outside Ebbing, Missouri",2017,115,"['Comedy', 'Crime', 'Drama']",8.1,518475,0,0,0,0,0,1,1,0,1,0,0,0,0,0,0,0,0,0,0,0,0,0,0,0,0,0,0,0
284634,tt5052448,movie,Get Out,2017,104,"['Horror', 'Mystery', 'Thriller']",7.7,628418,0,0,0,0,0,0,0,0,0,0,0,0,0,0,1,0,0,1,0,0,0,0,0,0,0,1,0,0
289506,tt5463162,movie,Deadpool 2,2018,119,"['Action', 'Adventure', 'Comedy']",7.7,594725,1,0,1,0,0,1,0,0,0,0,0,0,0,0,0,0,0,0,0,0,0,0,0,0,0,0,0,0
299914,tt6320628,movie,Spider-Man: Far from Home,2019,129,"['Action', 'Adventure', 'Comedy']",7.4,505726,1,0,1,0,0,1,0,0,0,0,0,0,0,0,0,0,0,0,0,0,0,0,0,0,0,0,0,0
303114,tt6644200,movie,A Quiet Place,2018,90,"['Drama', 'Horror', 'Sci-Fi']",7.5,541605,0,0,0,0,0,0,0,0,1,0,0,0,0,0,1,0,0,0,0,0,0,1,0,0,0,0,0,0
303762,tt6723592,movie,Tenet,2020,150,"['Action', 'Sci-Fi', 'Thriller']",7.3,520183,1,0,0,0,0,0,0,0,0,0,0,0,0,0,0,0,0,0,0,0,0,1,0,0,0,1,0,0
303982,tt6751668,movie,Parasite,2019,132,"['Drama', 'Thriller']",8.5,829767,0,0,0,0,0,0,0,0,1,0,0,0,0,0,0,0,0,0,0,0,0,0,0,0,0,1,0,0
306015,tt6966692,movie,Green Book,2018,130,"['Biography', 'Comedy', 'Drama']",8.2,506565,0,0,0,0,1,1,0,0,1,0,0,0,0,0,0,0,0,0,0,0,0,0,0,0,0,0,0,0
307352,tt7131622,movie,Once Upon a Time in Hollywood,2019,161,"['Comedy', 'Drama']",7.6,761699,0,0,0,0,0,1,0,0,1,0,0,0,0,0,0,0,0,0,0,0,0,0,0,0,0,0,0,0
308733,tt7286456,movie,Joker,2019,122,"['Crime', 'Drama', 'Thriller']",8.4,1321768,0,0,0,0,0,0,1,0,1,0,0,0,0,0,0,0,0,0,0,0,0,0,0,0,0,1,0,0
318986,tt8579674,movie,1917,2019,119,"['Action', 'Drama', 'War']",8.2,607576,1,0,0,0,0,0,0,0,1,0,0,0,0,0,0,0,0,0,0,0,0,0,0,0,0,0,1,0
321465,tt8946378,movie,Knives Out,2019,130,"['Comedy', 'Crime', 'Drama']",7.9,713136,0,0,0,0,0,1,1,0,1,0,0,0,0,0,0,0,0,0,0,0,0,0,0,0,0,0,0,0
